Brand,Model,Year,Part,Price
Toyota,Camry,2023,Windshield,585
Toyota,Camry,2023,Back-windshield,509
Toyota,Camry,2023,Front-window,945
Toyota,Camry,2023,Back-window,806
Toyota,Camry,2023,Front-door,132
Toyota,Camry,2023,Back-door,289
Toyota,Camry,2023,Front-wheel,384
Toyota,Camry,2023,Back-wheel,709
Toyota,Camry,2023,Front-bumper,843
Toyota,Camry,2023,Back-bumper,265
Toyota,Camry,2023,Headlight,515
Toyota,Camry,2023,Tail-light,937
Toyota,Camry,2023,Hood,685
Toyota,Camry,2023,Trunk,981
Toyota,Camry,2023,License-plate,735
Toyota,Camry,2023,Mirror,294
Toyota,Camry,2023,Roof,624
Toyota,Camry,2023,Grille,806
Toyota,Camry,2023,Rocker-panel,924
Toyota,Camry,2023,Quarter-panel,919
Toyota,Camry,2023,Fender,707
Toyota,Camry,2024,Windshield,788
Toyota,Camry,2024,Back-windshield,206
Toyota,Camry,2024,Front-window,240
Toyota,Camry,2024,Back-window,218
Toyota,Camry,2024,Front-door,160
Toyota,Camry,2024,Back-door,113
Toyota,Camry,2024,Front-wheel,185
Toyota,Camry,2024,Back-wheel,812
Toyota,Camry,2024,Front-bumper,706
Toyota,Camry,2024,Back-bumper,917
Toyota,Camry,2024,Headlight,486
Toyota,Camry,2024,Tail-light,314
Toyota,Camry,2024,Hood,747
Toyota,Camry,2024,Trunk,434
Toyota,Camry,2024,License-plate,852
Toyota,Camry,2024,Mirror,708
Toyota,Camry,2024,Roof,766
Toyota,Camry,2024,Grille,173
Toyota,Camry,2024,Rocker-panel,688
Toyota,Camry,2024,Quarter-panel,681
Toyota,Camry,2024,Fender,180
Toyota,Avalon,2023,Windshield,169
Toyota,Avalon,2023,Back-windshield,419
Toyota,Avalon,2023,Front-window,549
Toyota,Avalon,2023,Back-window,610
Toyota,Avalon,2023,Front-door,637
Toyota,Avalon,2023,Back-door,866
Toyota,Avalon,2023,Front-wheel,396
Toyota,Avalon,2023,Back-wheel,220
Toyota,Avalon,2023,Front-bumper,307
Toyota,Avalon,2023,Back-bumper,583
Toyota,Avalon,2023,Headlight,947
Toyota,Avalon,2023,Tail-light,794
Toyota,Avalon,2023,Hood,381
Toyota,Avalon,2023,Trunk,689
Toyota,Avalon,2023,License-plate,575
Toyota,Avalon,2023,Mirror,987
Toyota,Avalon,2023,Roof,609
Toyota,Avalon,2023,Grille,717
Toyota,Avalon,2023,Rocker-panel,599
Toyota,Avalon,2023,Quarter-panel,597
Toyota,Avalon,2023,Fender,531
Toyota,Avalon,2024,Windshield,189
Toyota,Avalon,2024,Back-windshield,740
Toyota,Avalon,2024,Front-window,762
Toyota,Avalon,2024,Back-window,457
Toyota,Avalon,2024,Front-door,350
Toyota,Avalon,2024,Back-door,331
Toyota,Avalon,2024,Front-wheel,985
Toyota,Avalon,2024,Back-wheel,950
Toyota,Avalon,2024,Front-bumper,574
Toyota,Avalon,2024,Back-bumper,147
Toyota,Avalon,2024,Headlight,434
Toyota,Avalon,2024,Tail-light,818
Toyota,Avalon,2024,Hood,719
Toyota,Avalon,2024,Trunk,128
Toyota,Avalon,2024,License-plate,327
Toyota,Avalon,2024,Mirror,418
Toyota,Avalon,2024,Roof,501
Toyota,Avalon,2024,Grille,677
Toyota,Avalon,2024,Rocker-panel,382
Toyota,Avalon,2024,Quarter-panel,952
Toyota,Avalon,2024,Fender,701
Toyota,Corolla,2023,Windshield,280
Toyota,Corolla,2023,Back-windshield,714
Toyota,Corolla,2023,Front-window,433
Toyota,Corolla,2023,Back-window,236
Toyota,Corolla,2023,Front-door,212
Toyota,Corolla,2023,Back-door,420
Toyota,Corolla,2023,Front-wheel,705
Toyota,Corolla,2023,Back-wheel,146
Toyota,Corolla,2023,Front-bumper,512
Toyota,Corolla,2023,Back-bumper,990
Toyota,Corolla,2023,Headlight,578
Toyota,Corolla,2023,Tail-light,785
Toyota,Corolla,2023,Hood,472
Toyota,Corolla,2023,Trunk,998
Toyota,Corolla,2023,License-plate,345
Toyota,Corolla,2023,Mirror,953
Toyota,Corolla,2023,Roof,156
Toyota,Corolla,2023,Grille,483
Toyota,Corolla,2023,Rocker-panel,172
Toyota,Corolla,2023,Quarter-panel,927
Toyota,Corolla,2023,Fender,733
Toyota,Corolla,2024,Windshield,321
Toyota,Corolla,2024,Back-windshield,617
Toyota,Corolla,2024,Front-window,754
Toyota,Corolla,2024,Back-window,798
Toyota,Corolla,2024,Front-door,192
Toyota,Corolla,2024,Back-door,257
Toyota,Corolla,2024,Front-wheel,899
Toyota,Corolla,2024,Back-wheel,493
Toyota,Corolla,2024,Front-bumper,266
Toyota,Corolla,2024,Back-bumper,591
Toyota,Corolla,2024,Headlight,567
Toyota,Corolla,2024,Tail-light,902
Toyota,Corolla,2024,Hood,663
Toyota,Corolla,2024,Trunk,945
Toyota,Corolla,2024,License-plate,792
Toyota,Corolla,2024,Mirror,964
Toyota,Corolla,2024,Roof,425
Toyota,Corolla,2024,Grille,771
Toyota,Corolla,2024,Rocker-panel,405
Toyota,Corolla,2024,Quarter-panel,816
Toyota,Corolla,2024,Fender,307
Toyota,RAV4,2023,Windshield,885
Toyota,RAV4,2023,Back-windshield,428
Toyota,RAV4,2023,Front-window,636
Toyota,RAV4,2023,Back-window,810
Toyota,RAV4,2023,Front-door,991
Toyota,RAV4,2023,Back-door,363
Toyota,RAV4,2023,Front-wheel,831
Toyota,RAV4,2023,Back-wheel,579
Toyota,RAV4,2023,Front-bumper,822
Toyota,RAV4,2023,Back-bumper,721
Toyota,RAV4,2023,Headlight,923
Toyota,RAV4,2023,Tail-light,185
Toyota,RAV4,2023,Hood,357
Toyota,RAV4,2023,Trunk,656
Toyota,RAV4,2023,License-plate,150
Toyota,RAV4,2023,Mirror,117
Toyota,RAV4,2023,Roof,659
Toyota,RAV4,2023,Grille,278
Toyota,RAV4,2023,Rocker-panel,1000
Toyota,RAV4,2023,Quarter-panel,909
Toyota,RAV4,2023,Fender,328
Toyota,RAV4,2024,Windshield,449
Toyota,RAV4,2024,Back-windshield,708
Toyota,RAV4,2024,Front-window,539
Toyota,RAV4,2024,Back-window,935
Toyota,RAV4,2024,Front-door,645
Toyota,RAV4,2024,Back-door,596
Toyota,RAV4,2024,Front-wheel,360
Toyota,RAV4,2024,Back-wheel,576
Toyota,RAV4,2024,Front-bumper,611
Toyota,RAV4,2024,Back-bumper,912
Toyota,RAV4,2024,Headlight,367
Toyota,RAV4,2024,Tail-light,893
Toyota,RAV4,2024,Hood,938
Toyota,RAV4,2024,Trunk,822
Toyota,RAV4,2024,License-plate,544
Toyota,RAV4,2024,Mirror,659
Toyota,RAV4,2024,Roof,298
Toyota,RAV4,2024,Grille,547
Toyota,RAV4,2024,Rocker-panel,410
Toyota,RAV4,2024,Quarter-panel,375
Toyota,RAV4,2024,Fender,520
Honda,Accord,2023,Windshield,605
Honda,Accord,2023,Back-windshield,792
Honda,Accord,2023,Front-window,423
Honda,Accord,2023,Back-window,385
Honda,Accord,2023,Front-door,935
Honda,Accord,2023,Back-door,631
Honda,Accord,2023,Front-wheel,114
Honda,Accord,2023,Back-wheel,906
Honda,Accord,2023,Front-bumper,175
Honda,Accord,2023,Back-bumper,597
Honda,Accord,2023,Headlight,425
Honda,Accord,2023,Tail-light,255
Honda,Accord,2023,Hood,185
Honda,Accord,2023,Trunk,197
Honda,Accord,2023,License-plate,368
Honda,Accord,2023,Mirror,853
Honda,Accord,2023,Roof,760
Honda,Accord,2023,Grille,173
Honda,Accord,2023,Rocker-panel,317
Honda,Accord,2023,Quarter-panel,807
Honda,Accord,2023,Fender,543
Honda,Accord,2024,Windshield,955
Honda,Accord,2024,Back-windshield,719
Honda,Accord,2024,Front-window,788
Honda,Accord,2024,Back-window,132
Honda,Accord,2024,Front-door,623
Honda,Accord,2024,Back-door,572
Honda,Accord,2024,Front-wheel,663
Honda,Accord,2024,Back-wheel,932
Honda,Accord,2024,Front-bumper,961
Honda,Accord,2024,Back-bumper,246
Honda,Accord,2024,Headlight,503
Honda,Accord,2024,Tail-light,205
Honda,Accord,2024,Hood,927
Honda,Accord,2024,Trunk,889
Honda,Accord,2024,License-plate,369
Honda,Accord,2024,Mirror,798
Honda,Accord,2024,Roof,720
Honda,Accord,2024,Grille,414
Honda,Accord,2024,Rocker-panel,783
Honda,Accord,2024,Quarter-panel,702
Honda,Accord,2024,Fender,529
Honda,Civic,2023,Windshield,333
Honda,Civic,2023,Back-windshield,677
Honda,Civic,2023,Front-window,369
Honda,Civic,2023,Back-window,490
Honda,Civic,2023,Front-door,517
Honda,Civic,2023,Back-door,960
Honda,Civic,2023,Front-wheel,195
Honda,Civic,2023,Back-wheel,691
Honda,Civic,2023,Front-bumper,373
Honda,Civic,2023,Back-bumper,872
Honda,Civic,2023,Headlight,973
Honda,Civic,2023,Tail-light,957
Honda,Civic,2023,Hood,242
Honda,Civic,2023,Trunk,585
Honda,Civic,2023,License-plate,226
Honda,Civic,2023,Mirror,885
Honda,Civic,2023,Roof,257
Honda,Civic,2023,Grille,288
Honda,Civic,2023,Rocker-panel,785
Honda,Civic,2023,Quarter-panel,575
Honda,Civic,2023,Fender,607
Honda,Civic,2024,Windshield,641
Honda,Civic,2024,Back-windshield,475
Honda,Civic,2024,Front-window,841
Honda,Civic,2024,Back-window,150
Honda,Civic,2024,Front-door,608
Honda,Civic,2024,Back-door,790
Honda,Civic,2024,Front-wheel,585
Honda,Civic,2024,Back-wheel,287
Honda,Civic,2024,Front-bumper,588
Honda,Civic,2024,Back-bumper,838
Honda,Civic,2024,Headlight,122
Honda,Civic,2024,Tail-light,818
Honda,Civic,2024,Hood,542
Honda,Civic,2024,Trunk,786
Honda,Civic,2024,License-plate,876
Honda,Civic,2024,Mirror,111
Honda,Civic,2024,Roof,490
Honda,Civic,2024,Grille,541
Honda,Civic,2024,Rocker-panel,261
Honda,Civic,2024,Quarter-panel,369
Honda,Civic,2024,Fender,416
Honda,CR-V,2023,Windshield,965
Honda,CR-V,2023,Back-windshield,139
Honda,CR-V,2023,Front-window,959
Honda,CR-V,2023,Back-window,146
Honda,CR-V,2023,Front-door,833
Honda,CR-V,2023,Back-door,364
Honda,CR-V,2023,Front-wheel,345
Honda,CR-V,2023,Back-wheel,115
Honda,CR-V,2023,Front-bumper,511
Honda,CR-V,2023,Back-bumper,496
Honda,CR-V,2023,Headlight,395
Honda,CR-V,2023,Tail-light,256
Honda,CR-V,2023,Hood,861
Honda,CR-V,2023,Trunk,498
Honda,CR-V,2023,License-plate,788
Honda,CR-V,2023,Mirror,345
Honda,CR-V,2023,Roof,106
Honda,CR-V,2023,Grille,991
Honda,CR-V,2023,Rocker-panel,132
Honda,CR-V,2023,Quarter-panel,676
Honda,CR-V,2023,Fender,353
Honda,CR-V,2024,Windshield,216
Honda,CR-V,2024,Back-windshield,928
Honda,CR-V,2024,Front-window,156
Honda,CR-V,2024,Back-window,645
Honda,CR-V,2024,Front-door,941
Honda,CR-V,2024,Back-door,718
Honda,CR-V,2024,Front-wheel,560
Honda,CR-V,2024,Back-wheel,835
Honda,CR-V,2024,Front-bumper,665
Honda,CR-V,2024,Back-bumper,270
Honda,CR-V,2024,Headlight,631
Honda,CR-V,2024,Tail-light,781
Honda,CR-V,2024,Hood,425
Honda,CR-V,2024,Trunk,265
Honda,CR-V,2024,License-plate,860
Honda,CR-V,2024,Mirror,943
Honda,CR-V,2024,Roof,848
Honda,CR-V,2024,Grille,932
Honda,CR-V,2024,Rocker-panel,243
Honda,CR-V,2024,Quarter-panel,807
Honda,CR-V,2024,Fender,432
Ford,Mustang,2023,Windshield,868
Ford,Mustang,2023,Back-windshield,178
Ford,Mustang,2023,Front-window,806
Ford,Mustang,2023,Back-window,839
Ford,Mustang,2023,Front-door,468
Ford,Mustang,2023,Back-door,786
Ford,Mustang,2023,Front-wheel,596
Ford,Mustang,2023,Back-wheel,963
Ford,Mustang,2023,Front-bumper,477
Ford,Mustang,2023,Back-bumper,438
Ford,Mustang,2023,Headlight,719
Ford,Mustang,2023,Tail-light,546
Ford,Mustang,2023,Hood,395
Ford,Mustang,2023,Trunk,100
Ford,Mustang,2023,License-plate,277
Ford,Mustang,2023,Mirror,857
Ford,Mustang,2023,Roof,299
Ford,Mustang,2023,Grille,432
Ford,Mustang,2023,Rocker-panel,191
Ford,Mustang,2023,Quarter-panel,403
Ford,Mustang,2023,Fender,960
Ford,Mustang,2024,Windshield,406
Ford,Mustang,2024,Back-windshield,437
Ford,Mustang,2024,Front-window,942
Ford,Mustang,2024,Back-window,301
Ford,Mustang,2024,Front-door,917
Ford,Mustang,2024,Back-door,906
Ford,Mustang,2024,Front-wheel,645
Ford,Mustang,2024,Back-wheel,900
Ford,Mustang,2024,Front-bumper,885
Ford,Mustang,2024,Back-bumper,549
Ford,Mustang,2024,Headlight,598
Ford,Mustang,2024,Tail-light,102
Ford,Mustang,2024,Hood,892
Ford,Mustang,2024,Trunk,308
Ford,Mustang,2024,License-plate,829
Ford,Mustang,2024,Mirror,519
Ford,Mustang,2024,Roof,236
Ford,Mustang,2024,Grille,241
Ford,Mustang,2024,Rocker-panel,263
Ford,Mustang,2024,Quarter-panel,379
Ford,Mustang,2024,Fender,440
Ford,Explorer,2023,Windshield,321
Ford,Explorer,2023,Back-windshield,572
Ford,Explorer,2023,Front-window,677
Ford,Explorer,2023,Back-window,457
Ford,Explorer,2023,Front-door,276
Ford,Explorer,2023,Back-door,921
Ford,Explorer,2023,Front-wheel,469
Ford,Explorer,2023,Back-wheel,614
Ford,Explorer,2023,Front-bumper,145
Ford,Explorer,2023,Back-bumper,513
Ford,Explorer,2023,Headlight,203
Ford,Explorer,2023,Tail-light,752
Ford,Explorer,2023,Hood,805
Ford,Explorer,2023,Trunk,273
Ford,Explorer,2023,License-plate,529
Ford,Explorer,2023,Mirror,240
Ford,Explorer,2023,Roof,315
Ford,Explorer,2023,Grille,387
Ford,Explorer,2023,Rocker-panel,565
Ford,Explorer,2023,Quarter-panel,592
Ford,Explorer,2023,Fender,473
Ford,Explorer,2024,Windshield,867
Ford,Explorer,2024,Back-windshield,575
Ford,Explorer,2024,Front-window,344
Ford,Explorer,2024,Back-window,298
Ford,Explorer,2024,Front-door,608
Ford,Explorer,2024,Back-door,615
Ford,Explorer,2024,Front-wheel,592
Ford,Explorer,2024,Back-wheel,462
Ford,Explorer,2024,Front-bumper,740
Ford,Explorer,2024,Back-bumper,445
Ford,Explorer,2024,Headlight,930
Ford,Explorer,2024,Tail-light,906
Ford,Explorer,2024,Hood,913
Ford,Explorer,2024,Trunk,866
Ford,Explorer,2024,License-plate,252
Ford,Explorer,2024,Mirror,484
Ford,Explorer,2024,Roof,481
Ford,Explorer,2024,Grille,390
Ford,Explorer,2024,Rocker-panel,585
Ford,Explorer,2024,Quarter-panel,475
Ford,Explorer,2024,Fender,200
Ford,F-150,2023,Windshield,975
Ford,F-150,2023,Back-windshield,531
Ford,F-150,2023,Front-window,806
Ford,F-150,2023,Back-window,198
Ford,F-150,2023,Front-door,259
Ford,F-150,2023,Back-door,540
Ford,F-150,2023,Front-wheel,765
Ford,F-150,2023,Back-wheel,821
Ford,F-150,2023,Front-bumper,950
Ford,F-150,2023,Back-bumper,664
Ford,F-150,2023,Headlight,180
Ford,F-150,2023,Tail-light,976
Ford,F-150,2023,Hood,192
Ford,F-150,2023,Trunk,194
Ford,F-150,2023,License-plate,820
Ford,F-150,2023,Mirror,879
Ford,F-150,2023,Roof,638
Ford,F-150,2023,Grille,995
Ford,F-150,2023,Rocker-panel,179
Ford,F-150,2023,Quarter-panel,472
Ford,F-150,2023,Fender,150
Ford,F-150,2024,Windshield,706
Ford,F-150,2024,Back-windshield,149
Ford,F-150,2024,Front-window,849
Ford,F-150,2024,Back-window,204
Ford,F-150,2024,Front-door,954
Ford,F-150,2024,Back-door,822
Ford,F-150,2024,Front-wheel,986
Ford,F-150,2024,Back-wheel,840
Ford,F-150,2024,Front-bumper,567
Ford,F-150,2024,Back-bumper,368
Ford,F-150,2024,Headlight,968
Ford,F-150,2024,Tail-light,644
Ford,F-150,2024,Hood,913
Ford,F-150,2024,Trunk,463
Ford,F-150,2024,License-plate,109
Ford,F-150,2024,Mirror,949
Ford,F-150,2024,Roof,949
Ford,F-150,2024,Grille,838
Ford,F-150,2024,Rocker-panel,322
Ford,F-150,2024,Quarter-panel,158
Ford,F-150,2024,Fender,382
Nissan,Altima,2023,Windshield,848
Nissan,Altima,2023,Back-windshield,710
Nissan,Altima,2023,Front-window,706
Nissan,Altima,2023,Back-window,696
Nissan,Altima,2023,Front-door,883
Nissan,Altima,2023,Back-door,828
Nissan,Altima,2023,Front-wheel,429
Nissan,Altima,2023,Back-wheel,580
Nissan,Altima,2023,Front-bumper,840
Nissan,Altima,2023,Back-bumper,996
Nissan,Altima,2023,Headlight,850
Nissan,Altima,2023,Tail-light,655
Nissan,Altima,2023,Hood,507
Nissan,Altima,2023,Trunk,711
Nissan,Altima,2023,License-plate,337
Nissan,Altima,2023,Mirror,440
Nissan,Altima,2023,Roof,816
Nissan,Altima,2023,Grille,610
Nissan,Altima,2023,Rocker-panel,764
Nissan,Altima,2023,Quarter-panel,723
Nissan,Altima,2023,Fender,731
Nissan,Altima,2024,Windshield,713
Nissan,Altima,2024,Back-windshield,272
Nissan,Altima,2024,Front-window,247
Nissan,Altima,2024,Back-window,954
Nissan,Altima,2024,Front-door,406
Nissan,Altima,2024,Back-door,696
Nissan,Altima,2024,Front-wheel,779
Nissan,Altima,2024,Back-wheel,446
Nissan,Altima,2024,Front-bumper,581
Nissan,Altima,2024,Back-bumper,484
Nissan,Altima,2024,Headlight,155
Nissan,Altima,2024,Tail-light,122
Nissan,Altima,2024,Hood,702
Nissan,Altima,2024,Trunk,469
Nissan,Altima,2024,License-plate,779
Nissan,Altima,2024,Mirror,397
Nissan,Altima,2024,Roof,867
Nissan,Altima,2024,Grille,152
Nissan,Altima,2024,Rocker-panel,247
Nissan,Altima,2024,Quarter-panel,880
Nissan,Altima,2024,Fender,298
Nissan,Sentra,2023,Windshield,819
Nissan,Sentra,2023,Back-windshield,817
Nissan,Sentra,2023,Front-window,970
Nissan,Sentra,2023,Back-window,587
Nissan,Sentra,2023,Front-door,310
Nissan,Sentra,2023,Back-door,755
Nissan,Sentra,2023,Front-wheel,910
Nissan,Sentra,2023,Back-wheel,507
Nissan,Sentra,2023,Front-bumper,768
Nissan,Sentra,2023,Back-bumper,913
Nissan,Sentra,2023,Headlight,738
Nissan,Sentra,2023,Tail-light,723
Nissan,Sentra,2023,Hood,567
Nissan,Sentra,2023,Trunk,213
Nissan,Sentra,2023,License-plate,478
Nissan,Sentra,2023,Mirror,552
Nissan,Sentra,2023,Roof,634
Nissan,Sentra,2023,Grille,256
Nissan,Sentra,2023,Rocker-panel,281
Nissan,Sentra,2023,Quarter-panel,704
Nissan,Sentra,2023,Fender,325
Nissan,Sentra,2024,Windshield,467
Nissan,Sentra,2024,Back-windshield,754
Nissan,Sentra,2024,Front-window,967
Nissan,Sentra,2024,Back-window,194
Nissan,Sentra,2024,Front-door,310
Nissan,Sentra,2024,Back-door,808
Nissan,Sentra,2024,Front-wheel,616
Nissan,Sentra,2024,Back-wheel,623
Nissan,Sentra,2024,Front-bumper,784
Nissan,Sentra,2024,Back-bumper,289
Nissan,Sentra,2024,Headlight,504
Nissan,Sentra,2024,Tail-light,108
Nissan,Sentra,2024,Hood,153
Nissan,Sentra,2024,Trunk,690
Nissan,Sentra,2024,License-plate,348
Nissan,Sentra,2024,Mirror,825
Nissan,Sentra,2024,Roof,765
Nissan,Sentra,2024,Grille,206
Nissan,Sentra,2024,Rocker-panel,659
Nissan,Sentra,2024,Quarter-panel,540
Nissan,Sentra,2024,Fender,504
Audi,Q5,2023,Windshield,474
Audi,Q5,2023,Back-windshield,319
Audi,Q5,2023,Front-window,591
Audi,Q5,2023,Back-window,337
Audi,Q5,2023,Front-door,821
Audi,Q5,2023,Back-door,141
Audi,Q5,2023,Front-wheel,220
Audi,Q5,2023,Back-wheel,551
Audi,Q5,2023,Front-bumper,434
Audi,Q5,2023,Back-bumper,144
Audi,Q5,2023,Headlight,174
Audi,Q5,2023,Tail-light,172
Audi,Q5,2023,Hood,888
Audi,Q5,2023,Trunk,808
Audi,Q5,2023,License-plate,275
Audi,Q5,2023,Mirror,362
Audi,Q5,2023,Roof,341
Audi,Q5,2023,Grille,432
Audi,Q5,2023,Rocker-panel,866
Audi,Q5,2023,Quarter-panel,176
Audi,Q5,2023,Fender,564
Audi,Q5,2024,Windshield,374
Audi,Q5,2024,Back-windshield,697
Audi,Q5,2024,Front-window,552
Audi,Q5,2024,Back-window,140
Audi,Q5,2024,Front-door,784
Audi,Q5,2024,Back-door,339
Audi,Q5,2024,Front-wheel,881
Audi,Q5,2024,Back-wheel,789
Audi,Q5,2024,Front-bumper,805
Audi,Q5,2024,Back-bumper,537
Audi,Q5,2024,Headlight,555
Audi,Q5,2024,Tail-light,210
Audi,Q5,2024,Hood,780
Audi,Q5,2024,Trunk,892
Audi,Q5,2024,License-plate,652
Audi,Q5,2024,Mirror,644
Audi,Q5,2024,Roof,768
Audi,Q5,2024,Grille,946
Audi,Q5,2024,Rocker-panel,320
Audi,Q5,2024,Quarter-panel,940
Audi,Q5,2024,Fender,530
Audi,A8,2023,Windshield,102
Audi,A8,2023,Back-windshield,959
Audi,A8,2023,Front-window,557
Audi,A8,2023,Back-window,406
Audi,A8,2023,Front-door,323
Audi,A8,2023,Back-door,290
Audi,A8,2023,Front-wheel,820
Audi,A8,2023,Back-wheel,118
Audi,A8,2023,Front-bumper,445
Audi,A8,2023,Back-bumper,375
Audi,A8,2023,Headlight,175
Audi,A8,2023,Tail-light,173
Audi,A8,2023,Hood,129
Audi,A8,2023,Trunk,161
Audi,A8,2023,License-plate,187
Audi,A8,2023,Mirror,965
Audi,A8,2023,Roof,288
Audi,A8,2023,Grille,346
Audi,A8,2023,Rocker-panel,754
Audi,A8,2023,Quarter-panel,808
Audi,A8,2023,Fender,299
Audi,A8,2024,Windshield,773
Audi,A8,2024,Back-windshield,564
Audi,A8,2024,Front-window,709
Audi,A8,2024,Back-window,481
Audi,A8,2024,Front-door,793
Audi,A8,2024,Back-door,592
Audi,A8,2024,Front-wheel,401
Audi,A8,2024,Back-wheel,536
Audi,A8,2024,Front-bumper,613
Audi,A8,2024,Back-bumper,607
Audi,A8,2024,Headlight,408
Audi,A8,2024,Tail-light,801
Audi,A8,2024,Hood,601
Audi,A8,2024,Trunk,430
Audi,A8,2024,License-plate,804
Audi,A8,2024,Mirror,236
Audi,A8,2024,Roof,549
Audi,A8,2024,Grille,862
Audi,A8,2024,Rocker-panel,892
Audi,A8,2024,Quarter-panel,971
Audi,A8,2024,Fender,610
BMW,X5,2023,Windshield,126
BMW,X5,2023,Back-windshield,513
BMW,X5,2023,Front-window,492
BMW,X5,2023,Back-window,645
BMW,X5,2023,Front-door,365
BMW,X5,2023,Back-door,108
BMW,X5,2023,Front-wheel,781
BMW,X5,2023,Back-wheel,429
BMW,X5,2023,Front-bumper,467
BMW,X5,2023,Back-bumper,846
BMW,X5,2023,Headlight,933
BMW,X5,2023,Tail-light,297
BMW,X5,2023,Hood,931
BMW,X5,2023,Trunk,104
BMW,X5,2023,License-plate,306
BMW,X5,2023,Mirror,457
BMW,X5,2023,Roof,185
BMW,X5,2023,Grille,808
BMW,X5,2023,Rocker-panel,514
BMW,X5,2023,Quarter-panel,397
BMW,X5,2023,Fender,713
BMW,X5,2024,Windshield,983
BMW,X5,2024,Back-windshield,375
BMW,X5,2024,Front-window,363
BMW,X5,2024,Back-window,577
BMW,X5,2024,Front-door,679
BMW,X5,2024,Back-door,788
BMW,X5,2024,Front-wheel,957
BMW,X5,2024,Back-wheel,333
BMW,X5,2024,Front-bumper,809
BMW,X5,2024,Back-bumper,562
BMW,X5,2024,Headlight,684
BMW,X5,2024,Tail-light,251
BMW,X5,2024,Hood,174
BMW,X5,2024,Trunk,720
BMW,X5,2024,License-plate,582
BMW,X5,2024,Mirror,979
BMW,X5,2024,Roof,476
BMW,X5,2024,Grille,882
BMW,X5,2024,Rocker-panel,302
BMW,X5,2024,Quarter-panel,959
BMW,X5,2024,Fender,413
BMW,3 Series,2023,Windshield,749
BMW,3 Series,2023,Back-windshield,336
BMW,3 Series,2023,Front-window,234
BMW,3 Series,2023,Back-window,541
BMW,3 Series,2023,Front-door,832
BMW,3 Series,2023,Back-door,689
BMW,3 Series,2023,Front-wheel,675
BMW,3 Series,2023,Back-wheel,629
BMW,3 Series,2023,Front-bumper,457
BMW,3 Series,2023,Back-bumper,250
BMW,3 Series,2023,Headlight,794
BMW,3 Series,2023,Tail-light,910
BMW,3 Series,2023,Hood,350
BMW,3 Series,2023,Trunk,399
BMW,3 Series,2023,License-plate,796
BMW,3 Series,2023,Mirror,192
BMW,3 Series,2023,Roof,618
BMW,3 Series,2023,Grille,942
BMW,3 Series,2023,Rocker-panel,611
BMW,3 Series,2023,Quarter-panel,861
BMW,3 Series,2023,Fender,627
BMW,3 Series,2024,Windshield,577
BMW,3 Series,2024,Back-windshield,946
BMW,3 Series,2024,Front-window,643
BMW,3 Series,2024,Back-window,331
BMW,3 Series,2024,Front-door,236
BMW,3 Series,2024,Back-door,386
BMW,3 Series,2024,Front-wheel,507
BMW,3 Series,2024,Back-wheel,757
BMW,3 Series,2024,Front-bumper,639
BMW,3 Series,2024,Back-bumper,667
BMW,3 Series,2024,Headlight,557
BMW,3 Series,2024,Tail-light,423
BMW,3 Series,2024,Hood,559
BMW,3 Series,2024,Trunk,791
BMW,3 Series,2024,License-plate,740
BMW,3 Series,2024,Mirror,193
BMW,3 Series,2024,Roof,280
BMW,3 Series,2024,Grille,940
BMW,3 Series,2024,Rocker-panel,852
BMW,3 Series,2024,Quarter-panel,602
BMW,3 Series,2024,Fender,246
BMW,5 Series,2023,Windshield,572
BMW,5 Series,2023,Back-windshield,218
BMW,5 Series,2023,Front-window,930
BMW,5 Series,2023,Back-window,948
BMW,5 Series,2023,Front-door,335
BMW,5 Series,2023,Back-door,676
BMW,5 Series,2023,Front-wheel,570
BMW,5 Series,2023,Back-wheel,654
BMW,5 Series,2023,Front-bumper,968
BMW,5 Series,2023,Back-bumper,757
BMW,5 Series,2023,Headlight,439
BMW,5 Series,2023,Tail-light,728
BMW,5 Series,2023,Hood,169
BMW,5 Series,2023,Trunk,823
BMW,5 Series,2023,License-plate,985
BMW,5 Series,2023,Mirror,905
BMW,5 Series,2023,Roof,813
BMW,5 Series,2023,Grille,327
BMW,5 Series,2023,Rocker-panel,425
BMW,5 Series,2023,Quarter-panel,104
BMW,5 Series,2023,Fender,693
BMW,5 Series,2024,Windshield,774
BMW,5 Series,2024,Back-windshield,207
BMW,5 Series,2024,Front-window,176
BMW,5 Series,2024,Back-window,223
BMW,5 Series,2024,Front-door,540
BMW,5 Series,2024,Back-door,767
BMW,5 Series,2024,Front-wheel,622
BMW,5 Series,2024,Back-wheel,259
BMW,5 Series,2024,Front-bumper,712
BMW,5 Series,2024,Back-bumper,788
BMW,5 Series,2024,Headlight,740
BMW,5 Series,2024,Tail-light,983
BMW,5 Series,2024,Hood,897
BMW,5 Series,2024,Trunk,232
BMW,5 Series,2024,License-plate,804
BMW,5 Series,2024,Mirror,971
BMW,5 Series,2024,Roof,210
BMW,5 Series,2024,Grille,467
BMW,5 Series,2024,Rocker-panel,596
BMW,5 Series,2024,Quarter-panel,362
BMW,5 Series,2024,Fender,609
Mercedes,E-Class,2023,Windshield,187
Mercedes,E-Class,2023,Back-windshield,798
Mercedes,E-Class,2023,Front-window,731
Mercedes,E-Class,2023,Back-window,336
Mercedes,E-Class,2023,Front-door,808
Mercedes,E-Class,2023,Back-door,762
Mercedes,E-Class,2023,Front-wheel,340
Mercedes,E-Class,2023,Back-wheel,585
Mercedes,E-Class,2023,Front-bumper,571
Mercedes,E-Class,2023,Back-bumper,904
Mercedes,E-Class,2023,Headlight,488
Mercedes,E-Class,2023,Tail-light,999
Mercedes,E-Class,2023,Hood,710
Mercedes,E-Class,2023,Trunk,781
Mercedes,E-Class,2023,License-plate,130
Mercedes,E-Class,2023,Mirror,381
Mercedes,E-Class,2023,Roof,156
Mercedes,E-Class,2023,Grille,950
Mercedes,E-Class,2023,Rocker-panel,911
Mercedes,E-Class,2023,Quarter-panel,417
Mercedes,E-Class,2023,Fender,657
Mercedes,E-Class,2024,Windshield,146
Mercedes,E-Class,2024,Back-windshield,870
Mercedes,E-Class,2024,Front-window,481
Mercedes,E-Class,2024,Back-window,575
Mercedes,E-Class,2024,Front-door,589
Mercedes,E-Class,2024,Back-door,722
Mercedes,E-Class,2024,Front-wheel,850
Mercedes,E-Class,2024,Back-wheel,383
Mercedes,E-Class,2024,Front-bumper,743
Mercedes,E-Class,2024,Back-bumper,795
Mercedes,E-Class,2024,Headlight,410
Mercedes,E-Class,2024,Tail-light,688
Mercedes,E-Class,2024,Hood,154
Mercedes,E-Class,2024,Trunk,955
Mercedes,E-Class,2024,License-plate,979
Mercedes,E-Class,2024,Mirror,840
Mercedes,E-Class,2024,Roof,525
Mercedes,E-Class,2024,Grille,780
Mercedes,E-Class,2024,Rocker-panel,737
Mercedes,E-Class,2024,Quarter-panel,880
Mercedes,E-Class,2024,Fender,698
Mercedes,S-Class,2023,Windshield,590
Mercedes,S-Class,2023,Back-windshield,747
Mercedes,S-Class,2023,Front-window,195
Mercedes,S-Class,2023,Back-window,629
Mercedes,S-Class,2023,Front-door,423
Mercedes,S-Class,2023,Back-door,883
Mercedes,S-Class,2023,Front-wheel,163
Mercedes,S-Class,2023,Back-wheel,473
Mercedes,S-Class,2023,Front-bumper,819
Mercedes,S-Class,2023,Back-bumper,373
Mercedes,S-Class,2023,Headlight,117
Mercedes,S-Class,2023,Tail-light,137
Mercedes,S-Class,2023,Hood,291
Mercedes,S-Class,2023,Trunk,386
Mercedes,S-Class,2023,License-plate,994
Mercedes,S-Class,2023,Mirror,276
Mercedes,S-Class,2023,Roof,424
Mercedes,S-Class,2023,Grille,754
Mercedes,S-Class,2023,Rocker-panel,149
Mercedes,S-Class,2023,Quarter-panel,873
Mercedes,S-Class,2023,Fender,257
Mercedes,S-Class,2024,Windshield,688
Mercedes,S-Class,2024,Back-windshield,903
Mercedes,S-Class,2024,Front-window,407
Mercedes,S-Class,2024,Back-window,728
Mercedes,S-Class,2024,Front-door,556
Mercedes,S-Class,2024,Back-door,333
Mercedes,S-Class,2024,Front-wheel,660
Mercedes,S-Class,2024,Back-wheel,791
Mercedes,S-Class,2024,Front-bumper,995
Mercedes,S-Class,2024,Back-bumper,509
Mercedes,S-Class,2024,Headlight,412
Mercedes,S-Class,2024,Tail-light,432
Mercedes,S-Class,2024,Hood,445
Mercedes,S-Class,2024,Trunk,907
Mercedes,S-Class,2024,License-plate,738
Mercedes,S-Class,2024,Mirror,275
Mercedes,S-Class,2024,Roof,712
Mercedes,S-Class,2024,Grille,889
Mercedes,S-Class,2024,Rocker-panel,234
Mercedes,S-Class,2024,Quarter-panel,561
Mercedes,S-Class,2024,Fender,159
Mercedes,GLE,2023,Windshield,120
Mercedes,GLE,2023,Back-windshield,817
Mercedes,GLE,2023,Front-window,845
Mercedes,GLE,2023,Back-window,207
Mercedes,GLE,2023,Front-door,346
Mercedes,GLE,2023,Back-door,154
Mercedes,GLE,2023,Front-wheel,974
Mercedes,GLE,2023,Back-wheel,246
Mercedes,GLE,2023,Front-bumper,481
Mercedes,GLE,2023,Back-bumper,321
Mercedes,GLE,2023,Headlight,989
Mercedes,GLE,2023,Tail-light,289
Mercedes,GLE,2023,Hood,407
Mercedes,GLE,2023,Trunk,819
Mercedes,GLE,2023,License-plate,721
Mercedes,GLE,2023,Mirror,689
Mercedes,GLE,2023,Roof,738
Mercedes,GLE,2023,Grille,691
Mercedes,GLE,2023,Rocker-panel,255
Mercedes,GLE,2023,Quarter-panel,648
Mercedes,GLE,2023,Fender,932
Mercedes,GLE,2024,Windshield,824
Mercedes,GLE,2024,Back-windshield,567
Mercedes,GLE,2024,Front-window,636
Mercedes,GLE,2024,Back-window,507
Mercedes,GLE,2024,Front-door,167
Mercedes,GLE,2024,Back-door,842
Mercedes,GLE,2024,Front-wheel,868
Mercedes,GLE,2024,Back-wheel,603
Mercedes,GLE,2024,Front-bumper,190
Mercedes,GLE,2024,Back-bumper,898
Mercedes,GLE,2024,Headlight,514
Mercedes,GLE,2024,Tail-light,770
Mercedes,GLE,2024,Hood,103
Mercedes,GLE,2024,Trunk,825
Mercedes,GLE,2024,License-plate,850
Mercedes,GLE,2024,Mirror,591
Mercedes,GLE,2024,Roof,595
Mercedes,GLE,2024,Grille,381
Mercedes,GLE,2024,Rocker-panel,188
Mercedes,GLE,2024,Quarter-panel,884
Mercedes,GLE,2024,Fender,451
Hyundai,Sonata,2023,Windshield,161
Hyundai,Sonata,2023,Back-windshield,799
Hyundai,Sonata,2023,Front-window,645
Hyundai,Sonata,2023,Back-window,982
Hyundai,Sonata,2023,Front-door,208
Hyundai,Sonata,2023,Back-door,552
Hyundai,Sonata,2023,Front-wheel,454
Hyundai,Sonata,2023,Back-wheel,974
Hyundai,Sonata,2023,Front-bumper,852
Hyundai,Sonata,2023,Back-bumper,921
Hyundai,Sonata,2023,Headlight,564
Hyundai,Sonata,2023,Tail-light,750
Hyundai,Sonata,2023,Hood,619
Hyundai,Sonata,2023,Trunk,993
Hyundai,Sonata,2023,License-plate,403
Hyundai,Sonata,2023,Mirror,687
Hyundai,Sonata,2023,Roof,524
Hyundai,Sonata,2023,Grille,294
Hyundai,Sonata,2023,Rocker-panel,667
Hyundai,Sonata,2023,Quarter-panel,362
Hyundai,Sonata,2023,Fender,659
Hyundai,Sonata,2024,Windshield,976
Hyundai,Sonata,2024,Back-windshield,350
Hyundai,Sonata,2024,Front-window,159
Hyundai,Sonata,2024,Back-window,254
Hyundai,Sonata,2024,Front-door,771
Hyundai,Sonata,2024,Back-door,995
Hyundai,Sonata,2024,Front-wheel,985
Hyundai,Sonata,2024,Back-wheel,319
Hyundai,Sonata,2024,Front-bumper,489
Hyundai,Sonata,2024,Back-bumper,183
Hyundai,Sonata,2024,Headlight,423
Hyundai,Sonata,2024,Tail-light,878
Hyundai,Sonata,2024,Hood,117
Hyundai,Sonata,2024,Trunk,192
Hyundai,Sonata,2024,License-plate,200
Hyundai,Sonata,2024,Mirror,828
Hyundai,Sonata,2024,Roof,978
Hyundai,Sonata,2024,Grille,937
Hyundai,Sonata,2024,Rocker-panel,643
Hyundai,Sonata,2024,Quarter-panel,919
Hyundai,Sonata,2024,Fender,970
Hyundai,Elantra,2023,Windshield,655
Hyundai,Elantra,2023,Back-windshield,409
Hyundai,Elantra,2023,Front-window,982
Hyundai,Elantra,2023,Back-window,561
Hyundai,Elantra,2023,Front-door,966
Hyundai,Elantra,2023,Back-door,413
Hyundai,Elantra,2023,Front-wheel,692
Hyundai,Elantra,2023,Back-wheel,633
Hyundai,Elantra,2023,Front-bumper,239
Hyundai,Elantra,2023,Back-bumper,500
Hyundai,Elantra,2023,Headlight,304
Hyundai,Elantra,2023,Tail-light,207
Hyundai,Elantra,2023,Hood,552
Hyundai,Elantra,2023,Trunk,344
Hyundai,Elantra,2023,License-plate,440
Hyundai,Elantra,2023,Mirror,240
Hyundai,Elantra,2023,Roof,765
Hyundai,Elantra,2023,Grille,507
Hyundai,Elantra,2023,Rocker-panel,527
Hyundai,Elantra,2023,Quarter-panel,169
Hyundai,Elantra,2023,Fender,971
Hyundai,Elantra,2024,Windshield,821
Hyundai,Elantra,2024,Back-windshield,143
Hyundai,Elantra,2024,Front-window,918
Hyundai,Elantra,2024,Back-window,561
Hyundai,Elantra,2024,Front-door,505
Hyundai,Elantra,2024,Back-door,803
Hyundai,Elantra,2024,Front-wheel,690
Hyundai,Elantra,2024,Back-wheel,268
Hyundai,Elantra,2024,Front-bumper,703
Hyundai,Elantra,2024,Back-bumper,131
Hyundai,Elantra,2024,Headlight,591
Hyundai,Elantra,2024,Tail-light,281
Hyundai,Elantra,2024,Hood,329
Hyundai,Elantra,2024,Trunk,830
Hyundai,Elantra,2024,License-plate,916
Hyundai,Elantra,2024,Mirror,802
Hyundai,Elantra,2024,Roof,873
Hyundai,Elantra,2024,Grille,147
Hyundai,Elantra,2024,Rocker-panel,659
Hyundai,Elantra,2024,Quarter-panel,232
Hyundai,Elantra,2024,Fender,341
Hyundai,Tucson,2023,Windshield,342
Hyundai,Tucson,2023,Back-windshield,952
Hyundai,Tucson,2023,Front-window,441
Hyundai,Tucson,2023,Back-window,800
Hyundai,Tucson,2023,Front-door,518
Hyundai,Tucson,2023,Back-door,581
Hyundai,Tucson,2023,Front-wheel,828
Hyundai,Tucson,2023,Back-wheel,854
Hyundai,Tucson,2023,Front-bumper,743
Hyundai,Tucson,2023,Back-bumper,533
Hyundai,Tucson,2023,Headlight,513
Hyundai,Tucson,2023,Tail-light,943
Hyundai,Tucson,2023,Hood,109
Hyundai,Tucson,2023,Trunk,311
Hyundai,Tucson,2023,License-plate,869
Hyundai,Tucson,2023,Mirror,247
Hyundai,Tucson,2023,Roof,874
Hyundai,Tucson,2023,Grille,593
Hyundai,Tucson,2023,Rocker-panel,438
Hyundai,Tucson,2023,Quarter-panel,432
Hyundai,Tucson,2023,Fender,467
Hyundai,Tucson,2024,Windshield,962
Hyundai,Tucson,2024,Back-windshield,801
Hyundai,Tucson,2024,Front-window,344
Hyundai,Tucson,2024,Back-window,109
Hyundai,Tucson,2024,Front-door,766
Hyundai,Tucson,2024,Back-door,772
Hyundai,Tucson,2024,Front-wheel,562
Hyundai,Tucson,2024,Back-wheel,395
Hyundai,Tucson,2024,Front-bumper,107
Hyundai,Tucson,2024,Back-bumper,421
Hyundai,Tucson,2024,Headlight,704
Hyundai,Tucson,2024,Tail-light,524
Hyundai,Tucson,2024,Hood,607
Hyundai,Tucson,2024,Trunk,830
Hyundai,Tucson,2024,License-plate,718
Hyundai,Tucson,2024,Mirror,755
Hyundai,Tucson,2024,Roof,786
Hyundai,Tucson,2024,Grille,306
Hyundai,Tucson,2024,Rocker-panel,595
Hyundai,Tucson,2024,Quarter-panel,234
Hyundai,Tucson,2024,Fender,783
